seed,sample,ranking_score
1,0,1.018779352421166
1,1,1.0309632443560524
1,2,1.0052445589449754
1,3,1.0130480441495007
1,4,1.026027369711495
