seed,sample,ranking_score
1,0,0.9426334543669566
1,1,0.9461648588396332
1,2,0.9310850773909061
1,3,0.9389355047585279
1,4,0.9496156309891831
