seed,sample,ranking_score
1,0,0.9148193882104497
1,1,0.880943926699114
1,2,0.9102648123137611
1,3,0.8415610998991269
1,4,0.9052537285628425
