seed,sample,ranking_score
1,0,1.1016486284308031
1,1,1.1013440855356693
1,2,1.0939401167066993
1,3,1.1001428925237104
1,4,1.0983618664879853
