seed,sample,ranking_score
1,0,0.9978229509075962
1,1,1.0012956397252726
1,2,1.0012674492135394
1,3,0.9989307733145322
1,4,1.0004649456384955
