seed,sample,ranking_score
1,0,0.9396791150713013
1,1,0.937874022459752
1,2,0.9406232466952106
1,3,0.9458168430066131
1,4,0.936870926870238
