seed,sample,ranking_score
1,0,0.9676420329704182
1,1,0.9637473774445691
1,2,0.9720099149015238
1,3,0.9694872539505016
1,4,0.9570652744700633
