seed,sample,ranking_score
1,0,0.9258428727843283
1,1,0.9349992750786231
1,2,0.9434482025323213
1,3,0.930774382041693
1,4,0.9282819505947199
